,album,track_number,id,name,uri,duration_ms,key,mode,time_signature,acousticness,danceability,energy,instrumentalness,liveness,loudness,speechiness,tempo,valence,popularity
0,Watchmen: Volume 3 (Music from the HBO Series),1,6dd7GeR26zpzKKKrmLhto7,DOOMSDAY PREPPER,spotify:track:6dd7GeR26zpzKKKrmLhto7,287037,1,1,3,0.644,0.169,0.566,0.736,0.114,-14.685,0.0416,130.388,0.0281,31
1,Watchmen: Volume 3 (Music from the HBO Series),2,2BOyiod5YGtRrvWEAPXe2k,CLOCKMAKER,spotify:track:2BOyiod5YGtRrvWEAPXe2k,229056,3,1,3,0.91,0.388,0.252,0.886,0.111,-15.51,0.034,175.959,0.0511,30
2,Watchmen: Volume 3 (Music from the HBO Series),3,3IXQrSvJz2R9ZgfQvnhSmw,A MAN WALKS INTO AN INTRINSIC FIELD,spotify:track:3IXQrSvJz2R9ZgfQvnhSmw,94455,7,0,3,0.789,0.431,0.586,2.38e-05,0.104,-9.681,0.2,83.547,0.704,25
3,Watchmen: Volume 3 (Music from the HBO Series),4,0nkJEWhPzZfRYpEnIHrvCI,SPLICE OF LIFE,spotify:track:0nkJEWhPzZfRYpEnIHrvCI,36320,9,1,3,0.928,0.625,0.238,0.951,0.0893,-18.428,0.049,114.086,0.119,27
4,Watchmen: Volume 3 (Music from the HBO Series),5,5uOAQ7Kts0Qo25NtGRDisv,NO RHYTHM,spotify:track:5uOAQ7Kts0Qo25NtGRDisv,66251,2,1,4,0.991,0.204,0.00475,0.887,0.0992,-37.49,0.032,77.818,0.0384,27
5,Watchmen: Volume 3 (Music from the HBO Series),6,3D2H2mK7TVCGzvf11DPeun,THE WAITING SKY,spotify:track:3D2H2mK7TVCGzvf11DPeun,236711,2,0,4,0.846,0.409,0.227,0.95,0.113,-19.528,0.0317,138.012,0.284,30
6,Watchmen: Volume 3 (Music from the HBO Series),7,7qlZ1Pyl9zbXF5OkWVOEbX,THE WAY IT USED TO BE,spotify:track:7qlZ1Pyl9zbXF5OkWVOEbX,221920,9,1,4,0.955,0.335,0.242,0.38,0.133,-11.221,0.0315,82.409,0.138,28
7,Watchmen: Volume 3 (Music from the HBO Series),8,6iETFAMqdXlipe8HLs0Z89,THE ELEPHANT IN THE ROOM,spotify:track:6iETFAMqdXlipe8HLs0Z89,68909,2,1,3,0.722,0.529,0.423,0.0092,0.176,-12.407,0.267,84.176,0.655,23
8,Watchmen: Volume 3 (Music from the HBO Series),9,3r8te2INtlYdznbrxAdQ4T,WORTHY OF THE BADGE,spotify:track:3r8te2INtlYdznbrxAdQ4T,125984,9,0,4,0.966,0.185,0.125,0.939,0.0813,-19.778,0.0377,63.061,0.0366,26
9,Watchmen: Volume 3 (Music from the HBO Series),10,4buMiIcaPE6fzOlBovS2UK,WHICH CAME FIRST,spotify:track:4buMiIcaPE6fzOlBovS2UK,138724,5,1,3,0.97,0.294,0.0967,0.808,0.112,-20.662,0.0514,114.221,0.0321,28
10,Watchmen: Volume 3 (Music from the HBO Series),11,2HD7X27aJ9GWie9R8ytLqK,STUPID PANTIES,spotify:track:2HD7X27aJ9GWie9R8ytLqK,225995,6,1,3,0.899,0.534,0.273,0.937,0.112,-24.554,0.0403,176.012,0.848,26
11,Watchmen: Volume 3 (Music from the HBO Series),12,3a4OytNH15N7Sszcupgjky,"A STRONGER, LOVING WORLD",spotify:track:3a4OytNH15N7Sszcupgjky,235106,0,1,5,0.763,0.556,0.429,0.924,0.694,-15.263,0.0361,113.996,0.358,27
12,Watchmen: Volume 3 (Music from the HBO Series),13,7zCj8qC5B26xH6hnz4A2Vf,NOTHING EVER ENDS,spotify:track:7zCj8qC5B26xH6hnz4A2Vf,443476,0,1,4,0.861,0.394,0.495,0.933,0.0956,-16.877,0.0499,180.027,0.0383,27
13,Watchmen: Volume 3 (Music from the HBO Series),14,4GlqxPZ24YqIneSEle3nAT,LINCOLN TUNNEL,spotify:track:4GlqxPZ24YqIneSEle3nAT,244443,2,0,5,0.951,0.202,0.0479,0.953,0.0789,-14.394,0.0368,62.567,0.0418,37
14,Watchmen: Volume 3 (Music from the HBO Series),15,0pyJV9BsFlW8o87jgHQ18f,LIFE ON MARS?,spotify:track:0pyJV9BsFlW8o87jgHQ18f,173641,10,1,3,0.959,0.155,0.23,0.941,0.0824,-14.445,0.045,155.831,0.0398,46
15,Waves (Original Score),1,76KUNPkNn0KBABLr9F1u5y,Everything Burns,spotify:track:76KUNPkNn0KBABLr9F1u5y,65604,0,1,4,0.891,0.215,0.161,0.954,0.157,-19.888,0.0423,77.091,0.0302,25
16,Waves (Original Score),2,6MrqSjsvHIk6q2rFFJEidV,Bad News,spotify:track:6MrqSjsvHIk6q2rFFJEidV,180048,0,0,4,0.421,0.446,0.187,0.953,0.0893,-22.895,0.0375,95.931,0.059,21
17,Waves (Original Score),3,4K92YxvzHMOmxXbPCdABHG,I’m Disappearing,spotify:track:4K92YxvzHMOmxXbPCdABHG,304986,6,1,3,0.931,0.14,0.0666,0.839,0.0974,-34.628,0.036,84.008,0.076,21
18,Waves (Original Score),4,0nPzfjpAccZTinXtSPwLtD,Odds Against,spotify:track:0nPzfjpAccZTinXtSPwLtD,315857,1,1,3,0.736,0.0618,0.122,0.85,0.0616,-21.457,0.0422,68.867,0.0314,20
19,Waves (Original Score),5,2gPlclofqu5Q3A6KXN4EIh,Holding It Together,spotify:track:2gPlclofqu5Q3A6KXN4EIh,156627,10,1,4,0.844,0.156,0.214,0.93,0.107,-18.856,0.0361,133.578,0.0396,19
20,Waves (Original Score),6,6xTqucYoQTLLcwT9VKVP7q,Feedback Loop,spotify:track:6xTqucYoQTLLcwT9VKVP7q,675948,1,1,4,0.88,0.224,0.49,0.904,0.239,-13.381,0.0547,95.202,0.0752,19
21,Waves (Original Score),7,0OsBJiuF2T7ScFmYu3UeBe,After the Fire,spotify:track:0OsBJiuF2T7ScFmYu3UeBe,236343,7,0,3,0.943,0.0985,0.184,0.908,0.0695,-17.72,0.0444,80.401,0.0318,21
22,Waves (Original Score),8,1dlQ9mGZnMV8kThH0QJzld,Nobody Home,spotify:track:1dlQ9mGZnMV8kThH0QJzld,184032,0,1,4,0.981,0.222,0.000638,0.888,0.0965,-23.439,0.0513,69.37,0.429,19
23,Waves (Original Score),9,44dYqgg7pV0xvBMflvKxfa,The Light Shines Through,spotify:track:44dYqgg7pV0xvBMflvKxfa,623587,0,0,3,0.966,0.0663,0.0991,0.964,0.0694,-29.074,0.0358,72.631,0.0713,21
24,Waves (Original Score),10,0t8oitSQOFeRErhj8ex9Gl,Forgetting,spotify:track:0t8oitSQOFeRErhj8ex9Gl,113644,0,1,5,0.913,0.16,0.0431,0.915,0.109,-30.825,0.0386,71.577,0.0354,18
25,Waves (Original Score),11,6PjBIt7ca34CvhvEqN4esv,How to Begin?,spotify:track:6PjBIt7ca34CvhvEqN4esv,52107,2,1,3,0.98,0.231,0.0209,0.92,0.062,-31.814,0.0546,138.311,0.0377,17
26,Waves (Original Score),12,2guB7QN2URF7fYmN0OOZrZ,Wounds Heal,spotify:track:2guB7QN2URF7fYmN0OOZrZ,1350656,2,1,4,0.95,0.0754,0.119,0.905,0.104,-24.624,0.0461,75.544,0.0319,18
27,Waves (Original Score),13,4yizIuo64ZwxYkXfLA1AZh,Ties,spotify:track:4yizIuo64ZwxYkXfLA1AZh,132459,2,1,4,0.941,0.183,0.188,0.934,0.091,-19.86,0.0379,82.753,0.0601,19
28,Waves (Original Score),14,6URYYXMO4sHfnXKuebeHIU,Leaving Missouri,spotify:track:6URYYXMO4sHfnXKuebeHIU,256792,1,1,4,0.921,0.162,0.153,0.914,0.0965,-21.925,0.0365,84.007,0.0386,17
29,Watchmen: Volume 2 (Music from the HBO Series),1,5MUifO17sYCKCgOoWxfWZE,TRUST IN THE LAW,spotify:track:5MUifO17sYCKCgOoWxfWZE,123019,2,0,4,0.991,0.382,0.399,0.838,0.186,-15.468,0.0362,124.617,0.29,23
30,Watchmen: Volume 2 (Music from the HBO Series),2,08YN4vDNq3pGdaf0kOHiC4,HE WAS NEVER HERE,spotify:track:08YN4vDNq3pGdaf0kOHiC4,234762,1,1,4,0.725,0.613,0.39,0.901,0.0918,-18.957,0.0526,106.002,0.133,29
31,Watchmen: Volume 2 (Music from the HBO Series),3,6qJ9wSwwwHeFkC4McNpYCn,KICKED IN THE BALLS AGAIN,spotify:track:6qJ9wSwwwHeFkC4McNpYCn,204592,10,1,4,0.921,0.376,0.392,0.946,0.068,-12.321,0.0378,117.962,0.0276,28
32,Watchmen: Volume 2 (Music from the HBO Series),4,7BAoSCaxOxRcTq9IzSmfTI,A TRAVELLER FROM AN ANTIQUE LAND,spotify:track:7BAoSCaxOxRcTq9IzSmfTI,262548,1,1,3,0.876,0.296,0.274,0.924,0.0891,-18.562,0.0364,133.387,0.0385,29
33,Watchmen: Volume 2 (Music from the HBO Series),5,4AA4LpSkvgc1QDhfR1RfeJ,LOSING FACE,spotify:track:4AA4LpSkvgc1QDhfR1RfeJ,82982,11,1,3,0.955,0.156,0.0696,0.93,0.0989,-25.069,0.0379,136.439,0.0376,25
34,Watchmen: Volume 2 (Music from the HBO Series),6,5ungago1SSNUfyOXWraTN5,SQUID PRO QUO,spotify:track:5ungago1SSNUfyOXWraTN5,207747,3,0,1,0.942,0.171,0.5,0.849,0.637,-14.776,0.114,71.669,0.0391,30
35,Watchmen: Volume 2 (Music from the HBO Series),7,0ICC5Iji7n2uTeQPKIybSb,YOUR NAME IS ANGELA ABAR,spotify:track:0ICC5Iji7n2uTeQPKIybSb,57478,6,1,5,0.797,0.553,0.386,0.0,0.239,-13.484,0.384,122.095,0.508,21
36,Watchmen: Volume 2 (Music from the HBO Series),8,2a0ZoFEyz1EA0slvBQ9VB8,NOSTALGIA BLUES,spotify:track:2a0ZoFEyz1EA0slvBQ9VB8,208748,2,0,5,0.817,0.691,0.2,0.831,0.102,-19.324,0.0424,153.614,0.687,23
37,Watchmen: Volume 2 (Music from the HBO Series),9,4IIUYNcAScfxNqLO4oXAeC,PAY NO ATTENTION TO THE CACTUS,spotify:track:4IIUYNcAScfxNqLO4oXAeC,249437,9,1,4,0.886,0.356,0.311,0.878,0.109,-13.551,0.0328,139.953,0.0481,26
38,Watchmen: Volume 2 (Music from the HBO Series),10,5VFLcLareYViFPTOfvYSvq,SEVEN YEARS OF BAD LUCK,spotify:track:5VFLcLareYViFPTOfvYSvq,139061,4,1,4,0.51,0.695,0.598,0.944,0.12,-9.374,0.0655,110.005,0.898,29
39,Watchmen: Volume 2 (Music from the HBO Series),11,3iQm1ix1dPduZY9C19fm9s,THE DARK KNUT RETURNS,spotify:track:3iQm1ix1dPduZY9C19fm9s,168434,1,1,3,0.712,0.577,0.746,0.909,0.186,-10.982,0.0549,174.029,0.453,24
40,Watchmen: Volume 2 (Music from the HBO Series),12,2ePjoA2bEQ09PRbqejhG0I,GHRAIB ME A TERRORIST,spotify:track:2ePjoA2bEQ09PRbqejhG0I,168535,7,1,4,0.63,0.552,0.322,0.949,0.0782,-16.137,0.0672,92.983,0.139,24
41,Watchmen: Volume 2 (Music from the HBO Series),13,3kjEMnGugIVdr7fu79x7Pz,DREAMLAND JAZZ,spotify:track:3kjEMnGugIVdr7fu79x7Pz,197986,2,0,4,0.931,0.445,0.089,0.883,0.075,-17.705,0.0297,64.653,0.26,25
42,Watchmen: Volume 1 (Music from the HBO Series),1,1lY6RaiHqfFIyhCcZSNqvK,HOW THE WEST WAS REALLY WON,spotify:track:1lY6RaiHqfFIyhCcZSNqvK,224905,9,0,3,0.951,0.193,0.361,0.847,0.215,-12.908,0.0374,60.438,0.0339,40
43,Watchmen: Volume 1 (Music from the HBO Series),2,3ATRCCd2aUH1HkEJQ72gXo,ORPHANS OF KRYPTON,spotify:track:3ATRCCd2aUH1HkEJQ72gXo,116779,4,1,4,0.86,0.275,0.0725,0.838,0.112,-24.918,0.0442,71.512,0.0394,36
44,Watchmen: Volume 1 (Music from the HBO Series),3,2EEwzubVEV3GwjVgGLOJYY,GARRYOWEN,spotify:track:2EEwzubVEV3GwjVgGLOJYY,77686,11,0,5,0.923,0.478,0.3,2.31e-05,0.159,-15.739,0.593,219.142,0.161,30
45,Watchmen: Volume 1 (Music from the HBO Series),4,3RYJjxoC1Wm6vcJrEx0BGH,NUN WITH A MOTHERF*&*ING GUN,spotify:track:3RYJjxoC1Wm6vcJrEx0BGH,197224,0,1,4,0.0569,0.786,0.681,0.901,0.09,-9.557,0.12,122.007,0.54,45
46,Watchmen: Volume 1 (Music from the HBO Series),5,2phxuQt5HrefNh3J2o4KXG,OBJECTS IN MIRROR (ARE CLOSER THAN THEY APPEAR),spotify:track:2phxuQt5HrefNh3J2o4KXG,98177,8,1,4,0.0781,0.574,0.508,0.906,0.139,-10.474,0.048,160.099,0.734,41
47,Watchmen: Volume 1 (Music from the HBO Series),6,5ODdxCkbrX05o4YMl9PAYy,KATTLE BATTLE,spotify:track:5ODdxCkbrX05o4YMl9PAYy,102742,1,1,4,0.00414,0.425,0.697,0.881,0.545,-6.882,0.0271,159.994,0.656,38
48,Watchmen: Volume 1 (Music from the HBO Series),7,1pNqVF9VwRT8db6tu6SoUk,AMERICAN PROMO STORY,spotify:track:1pNqVF9VwRT8db6tu6SoUk,48007,7,1,4,0.448,0.238,0.85,0.000836,0.0768,-7.158,0.261,156.248,0.11,30
49,Watchmen: Volume 1 (Music from the HBO Series),8,0m0xG6YSeelpetKQGYBB9I,I’LL WAIT,spotify:track:0m0xG6YSeelpetKQGYBB9I,204546,6,1,4,0.912,0.581,0.314,0.937,0.122,-17.583,0.0378,118.023,0.0949,35
50,Watchmen: Volume 1 (Music from the HBO Series),9,2rP3Vx6Cmu0MDA7Fh5NcWf,TRIGGER WARNING,spotify:track:2rP3Vx6Cmu0MDA7Fh5NcWf,55403,10,0,4,0.829,0.59,0.763,0.00904,0.178,-10.414,0.0977,117.956,0.307,30
51,Watchmen: Volume 1 (Music from the HBO Series),10,2DuZnOx2vdSbpabanPWxDN,THE BRICK,spotify:track:2DuZnOx2vdSbpabanPWxDN,241903,9,1,4,0.665,0.58,0.352,0.761,0.0885,-10.967,0.0293,92.034,0.0959,41
52,Watchmen: Volume 1 (Music from the HBO Series),11,5UZkrhpxJaArKmcIcBootj,NEVER SURRENDER,spotify:track:5UZkrhpxJaArKmcIcBootj,128759,5,1,4,0.352,0.338,0.916,0.836,0.0882,-7.573,0.0576,121.972,0.082,36
53,Watchmen: Volume 1 (Music from the HBO Series),12,56j0qOLw1M0cZU8LKVdyAS,MÜLLER TIME,spotify:track:56j0qOLw1M0cZU8LKVdyAS,145253,0,1,4,0.843,0.351,0.5,0.887,0.108,-11.811,0.116,127.099,0.0389,31
54,Watchmen: Volume 1 (Music from the HBO Series),13,2AWa8ySA6KsppGsMgS6y0u,OWL HUNTS RAT,spotify:track:2AWa8ySA6KsppGsMgS6y0u,157251,8,1,4,0.483,0.353,0.809,0.843,0.0999,-9.266,0.0358,185.351,0.115,34
55,Watchmen: Volume 1 (Music from the HBO Series),14,27AaLJKD4KYViFVdD3S6Iy,ABSENT FRIENDS AND OLD GHOSTS,spotify:track:27AaLJKD4KYViFVdD3S6Iy,209050,3,1,3,0.948,0.157,0.0956,0.941,0.0804,-27.614,0.037,139.107,0.0375,32
56,Watchmen: Volume 1 (Music from the HBO Series),15,5x8gHZrVgqAMd5MaAKHfY6,WATCH OVER THIS BOY,spotify:track:5x8gHZrVgqAMd5MaAKHfY6,218022,0,1,4,0.936,0.466,0.0932,0.903,0.11,-17.648,0.0378,120.007,0.0376,36
57,Bird Box (Abridged) [Original Score],1,3seuV2WItyVgHvgkJgYF9T,Outside,spotify:track:3seuV2WItyVgHvgkJgYF9T,761583,2,1,4,0.953,0.115,0.268,0.895,0.164,-17.609,0.0397,73.378,0.0416,19
58,Bird Box (Abridged) [Original Score],2,2YsL81CORA2J71h4Gh50Ow,Undercurrents,spotify:track:2YsL81CORA2J71h4Gh50Ow,243083,5,1,4,0.782,0.188,0.468,0.925,0.0823,-9.132,0.0447,114.146,0.0367,21
59,Bird Box (Abridged) [Original Score],3,4nyxx3rVHL87kjlMhh4MXw,Looking Forwards and Backwards,spotify:track:4nyxx3rVHL87kjlMhh4MXw,540269,9,0,5,0.909,0.085,0.221,0.862,0.0944,-18.165,0.0361,69.381,0.0358,18
60,Bird Box (Abridged) [Original Score],4,4RbTqxllAC6dSPd23RH7rJ,What Isn't Anymore,spotify:track:4RbTqxllAC6dSPd23RH7rJ,468827,7,1,4,0.948,0.693,0.317,0.894,0.099,-13.73,0.0374,109.99,0.0764,18
61,Bird Box (Abridged) [Original Score],5,5M7oG2AkWKwz3BqdwdWDDI,Sleep Deprivation,spotify:track:5M7oG2AkWKwz3BqdwdWDDI,300012,0,0,3,0.987,0.377,0.119,0.868,0.208,-22.713,0.0319,58.114,0.0344,17
62,Bird Box (Abridged) [Original Score],6,1FqVQA88fb3p3XKyLa5G1l,Careful What You Wish For,spotify:track:1FqVQA88fb3p3XKyLa5G1l,449833,4,1,3,0.891,0.213,0.404,0.856,0.167,-16.01,0.0404,96.45,0.0474,16
63,Bird Box (Abridged) [Original Score],7,2UVoNi5cL7bDfmJD1E6kP4,A Hidden Moment,spotify:track:2UVoNi5cL7bDfmJD1E6kP4,186227,9,0,5,0.961,0.108,0.0572,0.881,0.216,-27.865,0.0425,72.009,0.0409,18
64,Bird Box (Abridged) [Original Score],8,7noSiMinpKIFrxmQ02dVio,And It Keeps on Coming,spotify:track:7noSiMinpKIFrxmQ02dVio,434319,10,1,4,0.938,0.105,0.209,0.953,0.101,-16.639,0.0385,90.714,0.0332,16
65,Bird Box (Abridged) [Original Score],9,05pqLIcs54ckpMClwnTik2,Close Encounters,spotify:track:05pqLIcs54ckpMClwnTik2,278131,2,1,4,0.445,0.173,0.236,0.894,0.0716,-12.709,0.0401,100.927,0.0461,15
66,Bird Box (Abridged) [Original Score],10,5GAJ2CtvdTucnI1VBdA7eg,Last Thing Left,spotify:track:5GAJ2CtvdTucnI1VBdA7eg,280888,9,0,3,0.981,0.165,0.00713,0.837,0.111,-30.232,0.0457,70.6,0.116,24
67,The Vietnam War (Original Score),1,2UdGaof1MecKcrTOltLD85,Less Likely,spotify:track:2UdGaof1MecKcrTOltLD85,380668,0,0,3,0.93,0.155,0.166,0.915,0.104,-22.589,0.041,67.753,0.0389,35
68,The Vietnam War (Original Score),2,3kMj9XmsKIU9w7WP01QDJi,Four Enclosed Walls,spotify:track:3kMj9XmsKIU9w7WP01QDJi,334265,0,1,3,0.942,0.337,0.186,0.895,0.0947,-25.405,0.0412,109.833,0.0388,30
69,The Vietnam War (Original Score),3,7iOMuZVTKbkEKmkAmIMJ7q,The Forever Rain,spotify:track:7iOMuZVTKbkEKmkAmIMJ7q,301067,2,0,5,0.856,0.0865,0.182,0.758,0.105,-24.575,0.0559,66.233,0.0324,26
70,The Vietnam War (Original Score),4,0YQHDDlVofDmdrI26BB1I8,Remnants,spotify:track:0YQHDDlVofDmdrI26BB1I8,297800,7,1,3,0.917,0.205,0.107,0.862,0.0786,-21.667,0.0453,104.024,0.0323,23
71,The Vietnam War (Original Score),5,1L5EwOaOMlEUCKh2QX7wn5,Other Ways to Get to the Same Place,spotify:track:1L5EwOaOMlEUCKh2QX7wn5,486533,5,1,4,0.975,0.353,0.158,0.884,0.0744,-23.133,0.0411,126.773,0.0374,23
72,The Vietnam War (Original Score),6,3wEDgLmq2Mms5wxbkwVgbR,Torn Polaroid,spotify:track:3wEDgLmq2Mms5wxbkwVgbR,315600,0,0,4,0.986,0.228,0.052,0.856,0.102,-27.687,0.0367,69.636,0.0366,24
73,The Vietnam War (Original Score),7,2isCmQLDhD71F9J0K4TEqj,Before Dawn,spotify:track:2isCmQLDhD71F9J0K4TEqj,164559,6,1,4,0.933,0.526,0.193,0.935,0.109,-19.708,0.032,140.066,0.0391,23
74,The Vietnam War (Original Score),8,1ee0SPfS9KwYnHLZjs2Tmu,What Comes Back,spotify:track:1ee0SPfS9KwYnHLZjs2Tmu,456004,2,1,4,0.739,0.731,0.547,0.929,0.171,-11.847,0.0524,79.993,0.423,27
75,The Vietnam War (Original Score),9,6aOhBIpnFF94BWZN46N3PU,Justified Response,spotify:track:6aOhBIpnFF94BWZN46N3PU,229640,8,0,4,0.0111,0.437,0.996,0.926,0.329,-6.719,0.109,122.007,0.115,22
76,The Vietnam War (Original Score),10,2HRqgkDnCB6uJOhSPCVoKC,Counting Ticks,spotify:track:2HRqgkDnCB6uJOhSPCVoKC,328300,6,1,4,0.93,0.398,0.199,0.864,0.0968,-20.691,0.0335,132.006,0.0349,21
77,The Vietnam War (Original Score),11,0olVzUHV9BFxj1rGWylBZA,A World Away,spotify:track:0olVzUHV9BFxj1rGWylBZA,372966,7,1,4,0.912,0.179,0.0834,0.839,0.113,-22.504,0.0453,182.787,0.123,24
78,The Vietnam War (Original Score),12,4Wgl0Dq6PcsjEbqKueCwHB,The Right Things,spotify:track:4Wgl0Dq6PcsjEbqKueCwHB,532318,0,0,4,0.946,0.354,0.0319,0.856,0.108,-22.822,0.0378,64.079,0.0332,23
79,The Vietnam War (Original Score),13,5Y85GlNmRivJw3s6acCtA3,Passing the Point,spotify:track:5Y85GlNmRivJw3s6acCtA3,265166,0,1,4,0.638,0.658,0.588,0.943,0.245,-18.538,0.0382,120.012,0.41,20
80,The Vietnam War (Original Score),14,2ewqljni8eLyJGQ14StbPB,Strangers in Lockstep,spotify:track:2ewqljni8eLyJGQ14StbPB,297353,1,1,4,0.0111,0.406,0.659,0.818,0.0659,-9.486,0.0404,86.011,0.161,21
81,The Vietnam War (Original Score),15,2CvCuPxo8jTmoq6cpuYO45,Before and After Faith,spotify:track:2CvCuPxo8jTmoq6cpuYO45,384293,7,1,4,0.924,0.18,0.55,0.903,0.31,-12.4,0.0482,171.623,0.036,23
82,The Vietnam War (Original Score),16,1iBdhb8I29dZ49EazL053b,The Same Dream,spotify:track:1iBdhb8I29dZ49EazL053b,257166,2,1,3,0.92,0.25,0.122,0.876,0.153,-24.819,0.0571,135.597,0.0354,21
83,The Vietnam War (Original Score),17,56CnCQ6SGOnwLKKCPJlEnh,Haunted,spotify:track:56CnCQ6SGOnwLKKCPJlEnh,320979,2,1,4,0.825,0.253,0.208,0.918,0.0787,-23.68,0.0356,111.983,0.0356,19
84,Patriots Day (Original Motion Picture Soundtrack),1,1p8Jx8YbwSHnswsUeoxh6J,Them and Us,spotify:track:1p8Jx8YbwSHnswsUeoxh6J,258457,5,1,4,0.713,0.332,0.329,0.827,0.203,-16.033,0.0316,178.05,0.192,23
85,Patriots Day (Original Motion Picture Soundtrack),2,3d9C3hdUxI4OloLcSpOI1k,We Forget Who We Are,spotify:track:3d9C3hdUxI4OloLcSpOI1k,295635,0,1,3,0.981,0.172,0.108,0.894,0.062,-24.43,0.0401,70.687,0.0377,30
86,Patriots Day (Original Motion Picture Soundtrack),3,3KLWUQ2qhMacQWP3QVxLtA,The Place You Are Right Now,spotify:track:3KLWUQ2qhMacQWP3QVxLtA,426351,5,1,4,0.931,0.479,0.268,0.919,0.0799,-20.799,0.0332,131.97,0.0852,18
87,Patriots Day (Original Motion Picture Soundtrack),4,2L4EMhHMNd2x2EGpfPXJE5,Inquiries,spotify:track:2L4EMhHMNd2x2EGpfPXJE5,278311,2,0,4,0.994,0.18,0.097,0.941,0.0992,-24.079,0.0453,71.867,0.035,16
88,Patriots Day (Original Motion Picture Soundtrack),5,0rcPJnDhqN8flgOf0uTYUO,Trails,spotify:track:0rcPJnDhqN8flgOf0uTYUO,353719,9,1,3,0.98,0.404,0.111,0.901,0.076,-23.063,0.0363,76.041,0.0334,16
89,Patriots Day (Original Motion Picture Soundtrack),6,18SpDeOPIkMBQySsyzNQpU,Broken Glass,spotify:track:18SpDeOPIkMBQySsyzNQpU,305326,11,0,3,0.893,0.222,0.283,0.941,0.072,-20.954,0.0379,102.001,0.0363,15
90,Patriots Day (Original Motion Picture Soundtrack),7,6gwFTF3Em3t7CDpgkyQZ3J,Nobody Cares About Me,spotify:track:6gwFTF3Em3t7CDpgkyQZ3J,252943,2,1,4,0.988,0.183,0.181,0.949,0.107,-20.743,0.0509,88.058,0.033,14
91,Patriots Day (Original Motion Picture Soundtrack),8,1eoOsZ6dnCFVc0tsxQEpMZ,The Night Drive,spotify:track:1eoOsZ6dnCFVc0tsxQEpMZ,734340,9,1,3,0.9,0.378,0.326,0.91,0.263,-16.566,0.0354,120.003,0.036,16
92,Patriots Day (Original Motion Picture Soundtrack),9,5Fla8zfyNFP9P6oNepdVQI,Escape,spotify:track:5Fla8zfyNFP9P6oNepdVQI,394376,9,0,4,0.802,0.542,0.366,0.919,0.0844,-16.419,0.0448,119.989,0.108,14
93,Patriots Day (Original Motion Picture Soundtrack),10,2VKYmvbecSFR2WdcBz6kpj,Terminus,spotify:track:2VKYmvbecSFR2WdcBz6kpj,174830,7,0,5,0.303,0.187,0.222,0.871,0.0815,-13.759,0.0434,168.715,0.0377,13
94,Patriots Day (Original Motion Picture Soundtrack),11,7eHQGZZhHAxCi7UQaFg8vO,Long Shadows on the Street,spotify:track:7eHQGZZhHAxCi7UQaFg8vO,430372,5,1,4,0.917,0.155,0.119,0.929,0.0852,-19.239,0.0408,66.881,0.0491,18
95,Patriots Day (Original Motion Picture Soundtrack),12,0ophFQwbHbfXbnawgsa1Mf,Resolve,spotify:track:0ophFQwbHbfXbnawgsa1Mf,214358,10,1,4,0.891,0.616,0.135,0.862,0.0983,-15.629,0.0319,126.003,0.0793,24
96,Before the Flood (Music from the Motion Picture),1,468tNXWV1KQWMfBmtwakyX,Before the Flood,spotify:track:468tNXWV1KQWMfBmtwakyX,473727,7,0,4,0.925,0.691,0.328,0.935,0.104,-14.93,0.0633,130.014,0.224,35
97,Before the Flood (Music from the Motion Picture),2,1ixSXH4wf5oHmGA07zoK3o,A Minute to Breathe,spotify:track:1ixSXH4wf5oHmGA07zoK3o,367835,5,1,4,0.953,0.481,0.0533,0.69,0.0948,-17.591,0.038,115.887,0.04,34
98,Before the Flood (Music from the Motion Picture),3,1uySOOdW8MEMcj1dTMzyzc,Between Two Poles,spotify:track:1uySOOdW8MEMcj1dTMzyzc,486539,4,0,4,0.984,0.144,0.19,0.944,0.0836,-18.943,0.0409,74.456,0.0398,32
99,Before the Flood (Music from the Motion Picture),4,7AIKKNvjaFyfnqUSFjAN3O,Dust Bowl,spotify:track:7AIKKNvjaFyfnqUSFjAN3O,170934,10,1,4,0.966,0.621,0.195,0.897,0.101,-21.558,0.0472,130.035,0.155,31
100,Before the Flood (Music from the Motion Picture),5,65ROuREUdXBKfTVoSkQRRJ,Thin Ice,spotify:track:65ROuREUdXBKfTVoSkQRRJ,65777,0,0,4,0.975,0.285,0.129,0.747,0.11,-20.141,0.0383,101.767,0.101,28
101,Before the Flood (Music from the Motion Picture),6,1ezqT8mFWe2SAL6yrbwE1A,And When the Sky Was Opened,spotify:track:1ezqT8mFWe2SAL6yrbwE1A,395397,9,0,4,0.968,0.121,0.0483,0.905,0.125,-25.524,0.0408,66.026,0.0558,34
102,Before the Flood (Music from the Motion Picture),7,1MHcin1wN5yo8XTweWKbMK,Ghost Nets,spotify:track:1MHcin1wN5yo8XTweWKbMK,313477,5,0,4,0.92,0.299,0.0988,0.889,0.125,-27.791,0.0382,79.767,0.0355,34
103,Before the Flood (Music from the Motion Picture),8,212gMdPvhR1oRmguYFILIF,Trembling,spotify:track:212gMdPvhR1oRmguYFILIF,301984,4,0,3,0.971,0.236,0.174,0.911,0.0834,-18.832,0.0424,125.442,0.0479,26
104,Before the Flood (Music from the Motion Picture),9,4uGSZ0ScCexZLIVGZbgACM,One More Step,spotify:track:4uGSZ0ScCexZLIVGZbgACM,212731,9,0,4,0.959,0.465,0.0901,0.953,0.125,-23.446,0.0331,159.955,0.0367,25
105,Before the Flood (Music from the Motion Picture),10,4KW6SotIpgtCeAwE5Z1ncX,Huaynaputina,spotify:track:4KW6SotIpgtCeAwE5Z1ncX,399568,3,0,4,0.978,0.0854,0.114,0.909,0.0788,-21.819,0.0353,64.151,0.0395,29
106,Before the Flood (Music from the Motion Picture),11,7KxbGR47kDp0FR8cXXAO56,At Dusk,spotify:track:7KxbGR47kDp0FR8cXXAO56,341749,0,1,4,0.863,0.19,0.346,0.896,0.0826,-15.564,0.0339,136.724,0.078,28
107,Before the Flood (Music from the Motion Picture),12,6Q6g4lLdvIQaaRFOl3faLh,Thin Ice Reimagined,spotify:track:6Q6g4lLdvIQaaRFOl3faLh,369483,0,1,3,0.936,0.196,0.215,0.783,0.11,-20.751,0.0326,73.612,0.0672,25
108,Before the Flood (Music from the Motion Picture),13,3BHHgRBpCpQV5QQ5FfS3B2,Disappearing Act,spotify:track:3BHHgRBpCpQV5QQ5FfS3B2,232765,7,1,1,0.635,0.712,0.346,0.899,0.0519,-15.651,0.0543,146.001,0.83,23
109,Before the Flood (Music from the Motion Picture),14,3qMjQLoHFTceSQKMxInHrD,The Melting Pot,spotify:track:3qMjQLoHFTceSQKMxInHrD,125544,11,1,4,0.294,0.174,0.123,0.889,0.108,-18.812,0.0369,110.807,0.0308,23
110,Before the Flood (Music from the Motion Picture),15,4cPCOmjsjyCtzYJO0mb5Mg,8 Billion,spotify:track:4cPCOmjsjyCtzYJO0mb5Mg,521653,10,1,3,0.462,0.152,0.135,0.853,0.113,-18.748,0.0469,135.184,0.0365,32
111,Before the Flood (Music from the Motion Picture),16,6mHyr0EdWB6H5IzyBCcmoA,One Perfect Moment,spotify:track:6mHyr0EdWB6H5IzyBCcmoA,608873,2,1,3,0.981,0.14,0.153,0.884,0.0862,-17.939,0.0429,69.586,0.0378,24
112,Before the Flood (Music from the Motion Picture),17,6jnaH09mWBekKpyVnuh4UQ,A Minute Later,spotify:track:6jnaH09mWBekKpyVnuh4UQ,106544,5,1,4,0.687,0.0991,0.28,0.833,0.111,-14.925,0.0334,89.187,0.0397,25
113,Before the Flood (Music from the Motion Picture),18,1OJ1GHIHt5SrZXWlYsmgWB,After the Flood,spotify:track:1OJ1GHIHt5SrZXWlYsmgWB,309454,5,1,4,0.542,0.356,0.305,0.937,0.172,-15.858,0.0281,57.498,0.0387,33
114,The Girl With the Dragon Tattoo,1,3g5kQgKEllNBUklsmARGg8,Immigrant Song,spotify:track:3g5kQgKEllNBUklsmARGg8,167509,11,1,4,0.000417,0.586,0.924,0.956,0.435,-5.912,0.0956,120.003,0.0811,42
115,The Girl With the Dragon Tattoo,2,7KzsywDmcLTGE8I3ftfgOK,She Reminds Me of You,spotify:track:7KzsywDmcLTGE8I3ftfgOK,265004,0,0,4,0.87,0.303,0.154,0.926,0.105,-22.093,0.0289,77.981,0.197,24
116,The Girl With the Dragon Tattoo,3,5C6WfnqWoPwO6WJNyhfcUt,People Lie All the Time,spotify:track:5C6WfnqWoPwO6WJNyhfcUt,250503,0,1,3,0.957,0.661,0.094,0.901,0.119,-23.178,0.0278,138.023,0.0381,20
117,The Girl With the Dragon Tattoo,4,7nlPitb1i3j47p28NyUhLU,Pinned and Mounted,spotify:track:7nlPitb1i3j47p28NyUhLU,304393,2,1,1,0.849,0.669,0.324,0.909,0.0809,-13.978,0.0355,104.008,0.0529,20
118,The Girl With the Dragon Tattoo,5,2QULjbmWnVqZG6HaeKU1rq,Perihelion,spotify:track:2QULjbmWnVqZG6HaeKU1rq,361882,6,1,3,0.938,0.127,0.121,0.896,0.0802,-25.871,0.0429,73.014,0.027,19
119,The Girl With the Dragon Tattoo,6,74OLST8WbPGinOStWNqYTN,What If We Could?,spotify:track:74OLST8WbPGinOStWNqYTN,247898,9,0,3,0.915,0.213,0.134,0.9,0.0627,-19.533,0.0308,140.439,0.0386,29
120,The Girl With the Dragon Tattoo,7,6YFaeHaSDePGGoMzZhoVjs,With the Flies,spotify:track:6YFaeHaSDePGGoMzZhoVjs,461540,10,1,4,0.91,0.0962,0.195,0.923,0.0985,-22.647,0.0355,77.458,0.0377,17
121,The Girl With the Dragon Tattoo,8,6n6MrrJkllDkZrUmPcZTSn,Hidden in Snow,spotify:track:6n6MrrJkllDkZrUmPcZTSn,318883,2,1,3,0.808,0.506,0.0262,0.859,0.111,-21.913,0.0307,79.01,0.0329,19
122,The Girl With the Dragon Tattoo,9,7v7J3J9UUzimxv005Bd2zp,A Thousand Details,spotify:track:7v7J3J9UUzimxv005Bd2zp,238672,10,0,4,0.337,0.488,0.658,0.798,0.0953,-10.086,0.0307,125.053,0.137,19
123,The Girl With the Dragon Tattoo,10,3iWh9Ion3RaWhrHvo0HvAG,One Particular Moment,spotify:track:3iWh9Ion3RaWhrHvo0HvAG,420797,2,1,4,0.969,0.265,0.0812,0.912,0.0754,-24.243,0.0377,103.991,0.0282,17
124,The Girl With the Dragon Tattoo,11,2uztwLGLx9HZb3FxmfUmQQ,I Can't Take It Anymore,spotify:track:2uztwLGLx9HZb3FxmfUmQQ,108340,7,1,4,0.936,0.255,0.121,0.918,0.171,-19.031,0.0342,102.533,0.0415,16
125,The Girl With the Dragon Tattoo,12,3HiNkF7j2JUTxTxLpy5x2i,How Brittle the Bones,spotify:track:3HiNkF7j2JUTxTxLpy5x2i,109036,2,1,3,0.822,0.704,0.268,0.918,0.112,-15.318,0.0407,99.003,0.0327,16
126,The Girl With the Dragon Tattoo,13,2dDhB7Hypoi3gjztIQzPTi,Please Take Your Hand Away,spotify:track:2dDhB7Hypoi3gjztIQzPTi,360001,7,1,4,0.936,0.0984,0.244,0.874,0.0974,-17.742,0.0363,65.172,0.0303,17
127,The Girl With the Dragon Tattoo,14,0j77ESkAmD9gykiza9s55K,Cut into Pieces,spotify:track:0j77ESkAmD9gykiza9s55K,243414,7,1,3,0.107,0.221,0.33,0.94,0.102,-17.581,0.0385,102.205,0.0343,14
128,The Girl With the Dragon Tattoo,15,6sz2xhkUjIlfLsxVBBAYDg,The Splinter,spotify:track:6sz2xhkUjIlfLsxVBBAYDg,152747,7,0,4,0.889,0.341,0.236,0.953,0.326,-20.42,0.031,176.144,0.0328,15
129,The Girl With the Dragon Tattoo,16,0o7OlqnC41LuqmPADeJseg,An Itch,spotify:track:0o7OlqnC41LuqmPADeJseg,249491,7,1,4,0.0756,0.405,0.492,0.844,0.0953,-16.356,0.0348,135.033,0.0404,16
130,The Girl With the Dragon Tattoo,17,1b4DBYH2Xi5zXGYk1Q17oG,Hypomania,spotify:track:1b4DBYH2Xi5zXGYk1Q17oG,347702,8,1,4,0.577,0.334,0.383,0.933,0.0959,-14.864,0.033,115.976,0.181,14
131,The Girl With the Dragon Tattoo,18,1wSvd0WxasZBNyADXEKmlm,Under the Midnight Sun,spotify:track:1wSvd0WxasZBNyADXEKmlm,421024,11,1,4,0.833,0.199,0.0908,0.911,0.207,-26.572,0.0426,143.097,0.0317,16
132,The Girl With the Dragon Tattoo,19,66VpopZvQ8JnejyglFZiVl,Aphelion,spotify:track:66VpopZvQ8JnejyglFZiVl,213886,9,0,3,0.824,0.552,0.222,0.963,0.198,-21.146,0.0438,114.011,0.0859,15
133,The Girl With the Dragon Tattoo,20,3ekbJOX4Beo6iqHmfdZfMq,You're Here,spotify:track:3ekbJOX4Beo6iqHmfdZfMq,209116,7,1,4,0.855,0.613,0.554,0.889,0.11,-13.331,0.0322,103.0,0.0343,16
134,The Girl With the Dragon Tattoo,21,1U55kB4OpdIPEDmlVflQIT,The Same as the Others,spotify:track:1U55kB4OpdIPEDmlVflQIT,188844,9,0,4,0.941,0.45,0.093,0.831,0.306,-26.325,0.0321,135.932,0.225,14
135,The Girl With the Dragon Tattoo,22,3zOr1RkBYgFbrSSUpQOAM9,A Pause for Reflection,spotify:track:3zOr1RkBYgFbrSSUpQOAM9,251611,9,0,3,0.932,0.42,0.219,0.913,0.0982,-19.815,0.0306,164.075,0.0821,13
136,The Girl With the Dragon Tattoo,23,4w1ld0eaH5iiLRt4PRcJ5K,While Waiting,spotify:track:4w1ld0eaH5iiLRt4PRcJ5K,137625,0,1,3,0.986,0.457,0.13,0.797,0.0924,-17.002,0.0303,77.95,0.0653,15
137,The Girl With the Dragon Tattoo,24,4U0PYnvlcicfVkU9fDwVZH,The Seconds Drag,spotify:track:4U0PYnvlcicfVkU9fDwVZH,273799,0,0,3,0.978,0.803,0.153,0.801,0.0848,-20.543,0.0504,129.903,0.0492,13
138,The Girl With the Dragon Tattoo,25,2HZ2YNp9QB2132XUF4Rgoa,Later into the Night,spotify:track:2HZ2YNp9QB2132XUF4Rgoa,295659,5,1,4,0.885,0.391,0.116,0.93,0.0978,-24.073,0.0313,128.029,0.435,15
139,The Girl With the Dragon Tattoo,26,2wgK2I4HWA1NvR1VENAbEq,Parallel Timeline With Alternate Outcome,spotify:track:2wgK2I4HWA1NvR1VENAbEq,392576,0,1,3,0.983,0.122,0.036,0.922,0.089,-19.264,0.0399,61.909,0.0332,20
140,The Girl With the Dragon Tattoo,27,4UClmSPe7wX2OArIPUrZv1,Another Way of Caring,spotify:track:4UClmSPe7wX2OArIPUrZv1,422606,2,1,4,0.945,0.078,0.0806,0.856,0.0963,-22.196,0.0421,81.448,0.0326,12
141,The Girl With the Dragon Tattoo,28,2w2XnGMMYRNfQB9piAufmZ,A Viable Construct,spotify:track:2w2XnGMMYRNfQB9piAufmZ,194941,7,1,4,0.867,0.631,0.441,0.925,0.2,-14.22,0.0326,114.025,0.591,11
142,The Girl With the Dragon Tattoo,29,03odfO2aZzWLk1gRIfukXq,Revealed in the Thaw,spotify:track:03odfO2aZzWLk1gRIfukXq,167266,2,1,3,0.912,0.552,0.0948,0.919,0.078,-25.444,0.0394,115.985,0.0334,13
143,The Girl With the Dragon Tattoo,30,3jJuoofEN0CyDX2tJYthoF,Millennia,spotify:track:3jJuoofEN0CyDX2tJYthoF,79759,2,1,5,0.776,0.248,0.123,0.488,0.139,-19.77,0.0387,169.843,0.143,12
144,The Girl With the Dragon Tattoo,31,4oqxg9IhyKsLdCt5uUbetn,We Could Wait Forever,spotify:track:4oqxg9IhyKsLdCt5uUbetn,261694,7,1,4,0.181,0.252,0.194,0.881,0.103,-26.995,0.0456,130.791,0.102,12
145,The Girl With the Dragon Tattoo,32,6Rv8hqrGfyXQsV2Q7fVgNJ,Oraculum,spotify:track:6Rv8hqrGfyXQsV2Q7fVgNJ,501300,11,1,4,0.23,0.579,0.578,0.913,0.284,-10.243,0.0535,180.012,0.605,13
146,The Girl With the Dragon Tattoo,33,4BcaxLjgapoxlPcTS0XjZG,Great Bird of Prey,spotify:track:4BcaxLjgapoxlPcTS0XjZG,319322,2,1,3,0.275,0.566,0.615,0.828,0.138,-12.858,0.03,100.031,0.0743,13
147,The Girl With the Dragon Tattoo,34,5C5SUcg7BiQWJopwWQj7wi,The Heretics,spotify:track:5C5SUcg7BiQWJopwWQj7wi,320266,0,1,4,0.918,0.662,0.609,0.798,0.0744,-11.422,0.0306,127.934,0.339,15
148,The Girl With the Dragon Tattoo,35,6tCrjnHjTjx1RxHm3jRg1C,A Pair of Doves,spotify:track:6tCrjnHjTjx1RxHm3jRg1C,122325,10,1,4,0.96,0.555,0.124,0.915,0.223,-15.688,0.029,103.905,0.0393,12
149,The Girl With the Dragon Tattoo,36,11ghoLqRkJT9QKkLCddkNi,Infiltrator,spotify:track:11ghoLqRkJT9QKkLCddkNi,423506,4,0,4,0.399,0.531,0.677,0.916,0.553,-14.513,0.0442,123.006,0.0225,13
150,The Girl With the Dragon Tattoo,37,1AtioTkUviPpfz4bUY9WsK,The Sound of Forgetting,spotify:track:1AtioTkUviPpfz4bUY9WsK,150196,2,1,4,0.573,0.245,0.0932,0.94,0.15,-14.569,0.0376,159.558,0.0364,12
151,The Girl With the Dragon Tattoo,38,0lZOKTLj7tFLxJdtOXpJRb,Of Secrets,spotify:track:0lZOKTLj7tFLxJdtOXpJRb,205739,0,1,1,0.907,0.0936,0.129,0.926,0.179,-17.111,0.0464,88.459,0.024,12
152,The Girl With the Dragon Tattoo,39,46cBZfDpSxrECFdI0RtKGb,Is Your Love Strong Enough?,spotify:track:46cBZfDpSxrECFdI0RtKGb,269983,1,1,4,0.448,0.414,0.277,0.0422,0.315,-10.927,0.0321,147.861,0.0738,21
153,The Social Network,1,1v0uVPU6BWcbog5BiWLWVa,Hand Covers Bruise,spotify:track:1v0uVPU6BWcbog5BiWLWVa,258637,2,1,3,0.971,0.205,0.154,0.948,0.103,-25.38,0.042,114.851,0.0389,50
154,The Social Network,2,50CgC2wKmbWm4WLQKY87oP,In Motion,spotify:track:50CgC2wKmbWm4WLQKY87oP,296771,7,1,4,0.696,0.618,0.638,0.911,0.12,-12.241,0.035,124.004,0.356,50
155,The Social Network,3,1TNFOXxCmzx57mxZfuPOAN,A Familiar Taste,spotify:track:1TNFOXxCmzx57mxZfuPOAN,215778,1,1,4,0.483,0.706,0.828,0.875,0.0878,-8.615,0.0653,148.005,0.279,42
156,The Social Network,4,2cryrajucGmbV6mwNUhQPB,It Catches Up With You,spotify:track:2cryrajucGmbV6mwNUhQPB,99278,0,1,5,0.974,0.198,0.00569,0.967,0.115,-23.829,0.0457,69.906,0.0376,41
157,The Social Network,5,5hQGVKSgTsh7qaReZzVgtq,Intriguing Possibilities,spotify:track:5hQGVKSgTsh7qaReZzVgtq,264398,2,1,4,0.79,0.591,0.439,0.898,0.107,-15.027,0.0506,132.983,0.0236,45
158,The Social Network,6,3s7IxbPCt3cVSiGhZ3HwvR,Painted Sun in Abstract,spotify:track:3s7IxbPCt3cVSiGhZ3HwvR,209611,10,1,4,0.844,0.465,0.28,0.912,0.0788,-18.563,0.0336,112.032,0.135,42
159,The Social Network,7,6mJ5uZ33r2y1TRrax79k5p,3:14 Every Night,spotify:track:6mJ5uZ33r2y1TRrax79k5p,243011,6,0,3,0.767,0.168,0.0954,0.896,0.111,-26.395,0.0436,75.729,0.0273,38
160,The Social Network,8,3PK7tZzJxuoJYoik7j3p1H,Pieces Form the Whole,spotify:track:3PK7tZzJxuoJYoik7j3p1H,256178,1,1,3,0.631,0.508,0.434,0.932,0.12,-10.867,0.0276,156.037,0.0344,40
161,The Social Network,9,7pKo3vzmrlG2KcRVqzdoA5,Carbon Prevails,spotify:track:7pKo3vzmrlG2KcRVqzdoA5,233146,10,0,4,0.0631,0.43,0.368,0.853,0.0984,-11.087,0.0741,195.92,0.0929,37
162,The Social Network,10,5i4q6tlmlRQHhgFIKWIfrm,Eventually We Find Our Way,spotify:track:5i4q6tlmlRQHhgFIKWIfrm,257048,2,1,4,0.715,0.258,0.415,0.901,0.116,-14.979,0.04,180.003,0.0404,37
163,The Social Network,11,0AJUX8BRUehB6RHPZUOoYS,Penetration,spotify:track:0AJUX8BRUehB6RHPZUOoYS,74691,7,0,3,0.994,0.413,0.0752,0.864,0.112,-23.269,0.0304,165.922,0.0642,38
164,The Social Network,12,0GO1QWs0YvDmmoTHUqitvf,In the Hall of the Mountain King,spotify:track:0GO1QWs0YvDmmoTHUqitvf,141348,10,0,4,0.745,0.232,0.14,0.904,0.26,-14.009,0.0341,135.8,0.0666,43
165,The Social Network,13,7pjelKVG4cgbS6mt0DaL60,On We March,spotify:track:7pjelKVG4cgbS6mt0DaL60,254290,11,1,4,0.0875,0.56,0.286,0.902,0.121,-13.19,0.0432,148.027,0.234,38
166,The Social Network,14,2RM11uElCksFYP5P6EArNC,Magnetic,spotify:track:2RM11uElCksFYP5P6EArNC,130873,10,1,4,0.518,0.494,0.756,0.959,0.245,-9.119,0.0442,166.009,0.251,38
167,The Social Network,15,7b32aLn3gja5SECcWjD7Yz,Almost Home,spotify:track:7b32aLn3gja5SECcWjD7Yz,213080,2,1,3,0.66,0.564,0.243,0.838,0.171,-15.238,0.0307,106.001,0.215,36
168,The Social Network,16,3ndsthfZGldH8L62kDOMlF,"Hand Covers Bruise, Reprise",spotify:track:3ndsthfZGldH8L62kDOMlF,112457,2,1,4,0.995,0.159,0.063,0.805,0.124,-26.625,0.0366,76.905,0.0292,39
169,The Social Network,17,2E4kEsRBvtWu8CazZ6qiQw,Complication With Optimistic Outcome,spotify:track:2E4kEsRBvtWu8CazZ6qiQw,199715,10,1,4,0.938,0.277,0.449,0.905,0.114,-13.697,0.038,117.806,0.223,37
170,The Social Network,18,08JAdQ7sRbKRu1ccuhg5ZV,The Gentle Hum of Anxiety,spotify:track:08JAdQ7sRbKRu1ccuhg5ZV,233564,2,0,3,0.901,0.138,0.109,0.709,0.108,-21.652,0.0377,74.716,0.0528,37
171,The Social Network,19,4R5yVjajdiX8m1EYhG0Yml,Soft Trees Break the Fall,spotify:track:4R5yVjajdiX8m1EYhG0Yml,284619,10,1,3,0.982,0.257,0.152,0.894,0.0631,-22.181,0.038,176.876,0.0299,37
